{"GroupNumber": [7, 11, 22, 9, 29, 15, 4, 27, 19, 19], "SubGroupNumber": [0, 0, 0, 0, 0, 0, 0, 0, 0, 0], "Coods": [[198.5825653076172, 201.20152282714844, 199.1387939453125], [199.291259765625, 201.4997100830078, 199.0694122314453], [199.06271362304688, 200.05836486816406, 199.539794921875], [200.52146911621094, 199.75906372070312, 200.537841796875], [200.12794494628906, 201.21084594726562, 200.4770965576172], [200.98333740234375, 201.36489868164062, 201.61500549316406], [199.66636657714844, 199.1798095703125, 199.98312377929688], [200.3780517578125, 199.6645050048828, 201.16456604003906], [202.11395263671875, 199.5423126220703, 199.51902770996094], [201.79571533203125, 201.34483337402344, 200.17547607421875]], "Mstar": [0.320616751909256, 1.5076957941055298, 0.4056718349456787, 1.0501927137374878, 0.3312188684940338, 0.6707173585891724, 0.5203275680541992, 0.29352477192878723, 1.1028810739517212, 0.20708245038986206], "M200": [38.04994583129883, 35.58186340332031, 33.57505416870117, 47.70998001098633, 39.23463821411133, 34.06507873535156, 43.62948226928711, 37.134490966796875, 38.19236373901367, 16.635387420654297], "region": [4, 0, 14, 7, 10, 14, 10, 8, 2, 21]}